industry_section,company_name,headquarters_country,main_industry_activities,brand_name,brand_type,invoice_example,gpc_segment,gpc_family,gpc_class,gpc_brick
"growing of non,perennial crops",Egyptian Agricultural Company,Egypt,"Growing of swedes, mangolds, roots, clover, alfalfa, sainfoin, maize, lupines, other grasses, kale for fodder",Nile Fertilizer,Agricultural Product,Nile Fertilizer 50kg,Fertilizers & Soil Enhancers,Fertilizers,Chemical Fertilizers,Fertilizer
growing of perennial crops,Egyptian Rubber Company,Egypt,Growing of rubber trees for harvesting of latex,Rubber Gaskets,Product,Rubber Gasket - 10 units,Industrial & Commercial,Industrial Components,Seals & Gaskets,Rubber Gaskets
plant propagation,Egyptian Plant Propagation Co.,Egypt,"Production of vegetative planting materials, growing of plants for ornamental purposes",Egyptian Date Palms,Agricultural Product,1000 Date Palm Saplings,Farming,Plants,Trees,Date Palm Trees
animal production,Egyptian Ostrich Farms,Egypt,Raising and breeding of ostriches and emus,Ostrich Meat,Product,Ostrich Meat - 5kg,"Meat, Poultry, and Seafood",Poultry,Ostrich,Ostrich Meat
mixed farming,Egyptian Agricultural Company,Egypt,"Mixed farming, combining crop and animal production.",Nile Fertilizer,Agricultural Product,Nile Fertilizer 50kg,Fertilizers & Soil Enhancers,Fertilizers,Chemical Fertilizers,Fertilizer
"support activities to agriculture and post,harvest crop activities",Egyptian Seed Processing Co.,Egypt,"Seed processing, drying, cleaning, grading, and treating of seeds for improved propagation quality.",Egyptian Hybrid Seeds,Agricultural Product,Hybrid Seed Pack,Farming & Agriculture,Seeds,Hybrid Seeds,Hybrid Seed Packs
"hunting, trapping and related service activities",Egyptian Wildlife Services,Egypt,"Hunting and trapping on a commercial basis, animal population control",Safari Tours,Service,Safari Tour Package,Travel & Tourism,Tourism,Tour Packages,Safari Tours
silviculture and other forestry activities,Egyptian Forestry Company,Egypt,"Growing of standing timber, planting, replanting, transplanting, thinning and conserving of forests and timber tracts",Egyptian Timber,Product,Invoice #1234 - Egyptian Timber,Building and Construction,Wood Products,Lumber,Sawn Timber
logging,Egyptian Timber Company,Egypt,"Production of roundwood for forest-based manufacturing industries, production of roundwood used in an unprocessed form such as pit props, fence posts, and utility poles.",Egyptian Pine Timber,Product,Egyptian Pine Timber - 100 units,Building and Construction,Wood Products,Timber,Softwood Timber
"gathering of non,wood forest products",Egyptian Wild Harvesters,Egypt,"Gathering of wild growing mushrooms, truffles, and herbs",Egyptian Dates,Product,100kg Egyptian Dates,Food/Beverage/Tobacco,Fruits,Dried Fruits,Dried Dates
support services to forestry,Egyptian Forestry Services Co.,Egypt,"Forestry inventories, forest management consulting services, timber evaluation, forest fire prevention, forest pest control, transport of logs within the forest",Egyptian Timber,Product,Egyptian Timber - 100 cubic meters,Wood Products,Lumber,Sawn Wood,Softwood Lumber
fishing,Egyptian Fishery Company,Egypt,"Fishing on a commercial basis in inland waters, taking of freshwater crustaceans and molluscs",Nile Perch Fillets,Seafood,Nile Perch Fillets - 500kg,Food/Beverage/Tobacco,Fresh Foods,Fish,Fresh Fish
aquaculture,Egyptian Fish Farming Co.,Egypt,"Fish farming in freshwater, operation of fish hatcheries",Tilapia Fish,Product,Tilapia Fish - 500kg,Food/Beverage/Tobacco,Fresh Foods,Fresh Fish,Tilapia
support activities for fishing and aquaculture,Egyptian Fishery Services Co.,Egypt,"Service activities incidental to marine fishery, protection from predators, fisheries control",Nile Perch Fillets,Product,Nile Perch Fillets - 10kg,Food/Beverage/Tobacco,Fish/Seafood,Fresh Fish,Fresh Fish Fillets
mining of lignite,Egyptian Lignite Mining Co.,Egypt,"Mining of lignite through surface mining, washing, and dehydrating to improve quality.",Lignite Coal,Raw Material,Lignite Coal - 500 tons,Mining,Coal,Lignite,Coal Products
extraction of crude petroleum,Egyptian General Petroleum Corporation (EGPC),Egypt,"Extraction of crude petroleum oils, production of crude petroleum from bituminous shale and sand",Petrol,Fuel,Petrol - 95 Octane,Petroleum Products,Fuels,Motor Fuels,Gasoline
extraction of natural gas,Egyptian Natural Gas Holding Company (EGAS),Egypt,"Production of crude gaseous hydrocarbon, extraction of natural gas liquids, gas desulphurisation",Natural Gas Supply,Service,Supply of natural gas for industrial use,Utilities,Energy,Natural Gas,Natural Gas Supply
mining of iron ores,Egyptian Iron and Steel Company,Egypt,"Mining of iron ores, beneficiation and agglomeration of iron ores",Steel Rebars,Product,Steel Rebars - 10mm x 12m,Raw Materials,Metals,Ferrous Metals,Steel Rebars
"mining of non,ferrous metal ores",Sukari Gold Mines,Egypt,Mining and preparation of gold ores,Gold Bullion,Product,Gold Bullion 1kg,Metals,Precious Metals,Gold,Gold Bullion
"quarrying of stone, sand and clay",Suez Cement Group of Companies,Egypt,Quarrying of limestone and production of cement,Helwan Cement,Cement,Helwan Cement - 50kg Bag,Building Materials,Cement & Concrete,Cement,Portland Cement
mining and quarrying n.e.c,Sukari Gold Mines,Egypt,Mining of gold and associated minerals,Gold Bullion,Product,Gold Bullion 1kg,Metals,Precious Metals,Gold,Gold Bullion
support activities for petroleum and natural gas extraction,Egyptian Drilling Company,Egypt,"Directional drilling, derrick erection, cementing oil and gas well casings, pumping of wells.",Drilling Rig Rental,Service,Rental of drilling rig for 30 days,Business Services,Industrial Services,Drilling Services,Drilling Equipment Rental
support activities for other mining and quarrying,Egyptian Mining Services,Egypt,"Support services for mining activities, including exploration and test drilling.",Phosphate Rock,Raw Material,Phosphate Rock - 1000 tons,Mining,Minerals,Non-Metallic Minerals,Phosphate
processing and preserving of meat,Juhayna Food Industries,Egypt,"Production of fresh, chilled or frozen meat, in cuts and individual portions",Juhayna Pure Milk,Dairy Product,Juhayna Pure Milk 1L,Beverages,Dairy,Milk,Liquid Milk
"processing and preserving of fish, crustaceans and molluscs",Egyptian Fish Processing Co.,Egypt,"Freezing, canning, and processing of fish and crustaceans.",Nile Perch Fillets,Seafood,Nile Perch Fillets - 500g,Food/Beverage/Tobacco,Fresh Fish/Seafood,Fresh Fish,Fresh Fish Fillets
processing and preserving of fruit and vegetables,Juhayna Food Industries,Egypt,"Manufacture of fruit and vegetable juices, processing and preserving of fruit and vegetables",Juhayna Pure Milk,Dairy Product,Juhayna Pure Milk 1L,Beverages,Dairy,Milk,Liquid Milk
manufacture of vegetable and animal oils and fats,Arma Group,Egypt,"Manufacture of vegetable oils, margarine, and compound cooking fats",Arma Cooking Oil,Product,Arma Cooking Oil 1L,Food/Beverage/Tobacco,Edible Oils,Cooking Oils,Vegetable Oils
manufacture of dairy products,Juhayna Food Industries,Egypt,"Manufacture of fresh liquid milk, yoghurt, and cheese",Juhayna Pure Milk,Dairy Product,Juhayna Pure Milk 1L,Beverages,Dairy,Milk,Liquid Milk
"manufacture of grain mill products, starches and starch products",Egyptian Starch and Glucose Manufacturing Company,Egypt,"Manufacture of glucose, glucose syrup, and starch products",Corn Starch,Product,Corn Starch 25kg,Food/Beverage,Ingredients,Starches,Corn Starch
manufacture of other food products,Juhayna Food Industries,Egypt,"manufacture of non-dairy milk and cheese substitutes, manufacture of special food products",Juhayna Pure Milk,Dairy Product,Juhayna Pure Milk 1L,Beverages,Dairy,Milk,Liquid Milk
manufacture of prepared animal feeds,Misr Feed Company,Egypt,"Manufacture of prepared feeds for farm animals, including animal feed concentrates and feed supplements.",Poultry Feed,Product,Poultry Feed 50kg,Agricultural,Animal Feed,Poultry Feed,Poultry Feed
manufacture of beverages,Juhayna Food Industries,Egypt,"Manufacture of non-alcoholic beverages, including fruit drinks and flavored waters",Juhayna Pure Milk,Dairy Product,Juhayna Pure Milk 1L,Beverages,Dairy,Milk,Liquid Milk
manufacture of tobacco products,Eastern Company S.A.E.,Egypt,"Manufacture of cigarettes, cigars, and other tobacco products",Cleopatra Cigarettes,Tobacco Product,Cleopatra King Size,Tobacco,Cigarettes,Filtered Cigarettes,King Size Cigarettes
"spinning, weaving and finishing of textiles",Misr Spinning and Weaving Company,Egypt,"Spinning, weaving, and finishing of textiles including bleaching, dyeing, and dressing.",Cotton Yarn,Product,Cotton Yarn - 100kg,Textiles,Yarns & Threads,Cotton Yarns,Cotton Yarn
manufacture of other textiles,Misr Spinning and Weaving Company,Egypt,"Manufacture of textiles, including nonwovens, narrow woven fabrics, and textile articles.",Cotton Yarn,Product,Cotton Yarn - 100kg,Textiles,Yarns & Threads,Cotton Yarns,Cotton Yarn
"manufacture of wearing apparel, except fur apparel",Oriental Weavers,Egypt,"Manufacture of woven and non-woven apparel, including outerwear and accessories.",Kilim Rugs,Product,Kilim Rug 5x7,Home & Garden,Home Decor,Rugs,Kilim Rugs
manufacture of articles of fur,FurCraft Egypt,Egypt,Manufacture of fur wearing apparel and clothing accessories,FurCraft Sofa,Furniture,FurCraft Sofa Model X,Furniture,Seating,Sofas,Sofa
manufacture of knitted and crocheted apparel,El Nasr Clothing & Textiles Co. (KABO),Egypt,"Manufacture of knitted and crocheted wearing apparel, including hosiery and sportswear",KABO Men's T-Shirts,Apparel,KABO Men's T-Shirt - Size M,Clothing,Men's Clothing,Tops,T-Shirts
"tanning, dyeing, dressing of leather and fur; manufacture of luggage, handbags, saddlery and harness",Egyptian Leather Company,Egypt,"Manufacture of luggage, handbags, and saddlery",Egyptian Leather Wallet,Product,Leather Wallet - Brown,Fashion,Accessories,Wallets,Leather Wallets
manufacture of footwear,Bata Egypt,Egypt,"Manufacture of footwear for all purposes, including parts of footwear such as uppers and soles.",Bata Shoes,Footwear,Bata Shoes - Men's Casual,Footwear,Shoes,Casual Shoes,Men's Casual Shoes
sawmilling and planing of wood,Egyptian Wood Industries Co.,Egypt,"Sawmilling, planing, and chemical treatment of wood",Egyptian Plywood,Product,PLY-001,Wood Products,Plywood,Standard Plywood,Plywood Sheets
"manufacture of products of wood, cork, straw and plaiting materials",Egyptian Wood Products Co.,Egypt,"Manufacture of wooden handles, wooden frames, and wooden kitchenware",Egyptian Plywood,Product,Plywood Sheet 4x8,Building and Construction,Wood Products,Plywood,Plywood Sheets
manufacture of paper and paper products,Al Bardi Paper Mill Co. SAE,Egypt,"Manufacture of tissue paper products including toilet paper, napkins, and facial tissues.",Al Bardi Premium Paper,Product,Al Bardi Premium Paper - A4,Paper Products,Office Paper,Copy Paper,A4 Copy Paper
printing and service activities related to printing,Al Ahram Printing and Publishing,Egypt,"Printing and service activities related to printing, including pre-press and post-press services.",Al Ahram Newspaper,Publication,Al Ahram Newspaper Subscription,Media,Print Media,Newspapers,Daily Newspapers
reproduction of recorded media,Egyptian Media Production City,Egypt,"Reproduction of recorded media, including video and audio recordings",Studio Rental,Service,Studio Rental - 4 hours,Business & Industrial,Business Services,Media Production Services,Studio Rental Services
manufacture of coke oven products,Egyptian Coke Company,Egypt,"operation of coke ovens, production of coke and semi-coke",Coca-Cola Egypt,Beverage,Coca-Cola 330ml Can,10000000,10000001,10000002,10000003
manufacture of refined petroleum products; manufacture of fossil fuel products,Egyptian General Petroleum Corporation (EGPC),Egypt,"Petroleum refining, production of motor fuels, manufacture of lubricating oils",Petrol,Fuel,Petrol - 95 Octane,Petroleum Products,Fuels,Motor Fuels,Gasoline
"manufacture of basic chemicals, fertilizers and nitrogen compounds, plastics and synthetic rubber in primary forms",Egyptian Petrochemicals Company,Egypt,"Manufacture of basic chemicals, plastics materials, and synthetic rubber in primary forms",Polyethylene,Product,Polyethylene 500 kg,Chemicals,Plastics,Polyolefins,Polyethylene
manufacture of other chemical products,Egyptian Chemical Industries (KIMA),Egypt,"Manufacture of fertilizers, chemicals, and other chemical products including adhesives and explosives.",Ammonium Nitrate,Chemical,Ammonium Nitrate 50kg Bag,Chemicals,Industrial Chemicals,Fertilizers,Ammonium Nitrate
"manufacture of man,made fibres",Egyptian Petrochemicals Company,Egypt,"Manufacture of synthetic or artificial filament yarn, including high-tenacity yarn",Polyethylene,Product,Polyethylene 500 kg,Chemicals,Plastics,Polyolefins,Polyethylene
"manufacture of pharmaceuticals, medicinal chemical and botanical products",Pharco Pharmaceuticals,Egypt,"Manufacture of medicaments, including antibiotics and vaccines",Paracetamol Tablets,Pharmaceutical,Paracetamol Tablets 500mg,Healthcare,Pharmaceuticals,Analgesics,Pain Relief
manufacture of rubber products,Egyptian Rubber Company,Egypt,"Manufacture of rubber plates, sheets, and hoses",Rubber Gaskets,Product,Rubber Gasket - 10 units,Industrial & Commercial,Industrial Components,Seals & Gaskets,Rubber Gaskets
manufacture of plastics products,Egyptian German Industrial Corporate (EGIC),Egypt,"Manufacture of plastic pipes, fittings, and related products",EGIC Pipes,Product,EGIC Pipes - 50mm x 4m,Building Materials,Plumbing,Pipes,Plastic Pipes
manufacture of glass and glass products,Sphinx Glass,Egypt,"Manufacture of flat glass, including wired, coloured or tinted flat glass",Clear Float Glass,Product,Clear Float Glass 6mm,Building Materials,Glass,Flat Glass,Float Glass
"manufacture of non,metallic mineral products n.e.c",Egyptian Abrasives Co.,Egypt,Manufacture of abrasive products and grinding wheels,Abrasive Discs,Product,Abrasive Disc 100mm,Hardware,Abrasives,Abrasive Discs,Abrasive Discs
manufacture of basic iron and steel,Ezz Steel,Egypt,"Manufacture of basic iron and steel, production of semi-finished products of steel, manufacture of hot-rolled and cold-rolled flat-rolled products of steel.",Ezz Steel Rebars,Product,Ezz Steel Rebars 12mm x 6m,Construction Materials,Metal Products,Steel Products,Rebars
"manufacture of basic precious and other non,ferrous metals",Egyptian Copper Works,Egypt,"Production of copper from ores, production of copper alloys, semi-manufacturing of copper",Copper Rods,Product,Copper Rods 8mm,Metals,Non-Ferrous Metals,Copper,Copper Rods
casting of metals,Egyptian Metal Casting Company,Egypt,"Casting of semi-finished products of aluminium, die-casting of non-ferrous metal castings",Aluminum Ingots,Raw Material,Aluminum Ingot 99.7% Pure,Metals,Non-Ferrous Metal,Aluminum,Aluminum Ingots
"manufacture of structural metal products, tanks, reservoirs and steam generators",Egyptian Boilers Company,Egypt,"Manufacture of steam or other vapour generating boilers, auxiliary plant for use with steam boilers",Industrial Boilers,Product,Industrial Boiler Model X200,Machinery & Equipment,Industrial Machinery,Boilers,Industrial Boilers
manufacture of weapons and ammunition,Arab Organization for Industrialization,Egypt,"Manufacture of military weapons and ammunition, including artillery weapons and rocket launchers.",Kader Factory,Manufacturing,Kader Factory - Railcars,Transportation,Rail Vehicles,Passenger Rail Vehicles,Passenger Rail Cars
manufacture of other fabricated metal products; metalworking service activities,Egyptian Metalworks Co.,Egypt,"Manufacture of metal household articles, manufacture of metal goods for office use",Steel Beams,Product,Steel Beams - 10 tons,Building and Construction,Structural Materials,Metal Structures,Steel Beams
manufacture of electronic components and boards,Si-Ware Systems,Egypt,"Manufacture of semiconductors, integrated circuits, and MEMS sensors",NeoSpectra Micro,Product,NeoSpectra Micro Sensor,Electronics,Sensors,Optical Sensors,Spectroscopy Sensors
manufacture of computers and peripheral equipment,ITWorx,Egypt,Manufacture of computer software and peripheral equipment,ITWorx Education Platform,Software,ITWorx Education Platform License,Software,Educational Software,Learning Management Systems,Educational/Training Software
manufacture of communication equipment,SICO Technology,Egypt,"Manufacture of mobile communication equipment, including cellular phones and smart watches.",SICO Nile X,Smartphone,SICO Nile X - 64GB,Electronics,Communications,Mobile Phones,Smartphones
"manufacture of measuring, testing, navigating and control equipment; watches and clocks",Egyptian Watchmakers Co.,Egypt,"Manufacture of watches and clocks, including instrument panel clocks",Pharaoh Timepieces,Wristwatch,Pharaoh Timepieces - Model PT123,Watches,Timepieces,Wristwatches,Analog Watches
"manufacture of irradiation, electromedical and electrotherapeutic equipment",Misr Radiology Center,Egypt,"Manufacture of medical diagnostic equipment, including MRI and CT scanners",MRI Scan,Service,MRI Scan - Abdomen,Healthcare Services,Diagnostic Services,Imaging Services,Magnetic Resonance Imaging
manufacture of magnetic and optical media,Egyptian Media Production Company,Egypt,Manufacture of blank magnetic audio and video tapes,Studio Rental,Service,Studio Rental - 3 hours,Media,Production Services,Studio Services,Studio Rental
"manufacture of electric motors, generators, transformers and electricity distribution and control apparatus",El Sewedy Electric,Egypt,"Manufacture of electric motors, generators, transformers, and electricity distribution and control apparatus",Power Cables,Product,El Sewedy Electric Power Cable 500m,Electrical,Cables & Wires,Power Cables,High Voltage Cables
manufacture of batteries and accumulators,El Sewedy Electric,Egypt,"Manufacture of lead acid batteries, manufacture of battery energy storage systems",Power Cables,Product,El Sewedy Electric Power Cable 500m,Electrical,Cables & Wires,Power Cables,High Voltage Cables
manufacture of wiring and wiring devices,El Sewedy Electric,Egypt,"Manufacture of electrical conductors, switches, and wiring devices",Power Cables,Product,El Sewedy Electric Power Cable 500m,Electrical,Cables & Wires,Power Cables,High Voltage Cables
manufacture of lighting equipment,Egyptian Lighting Company,Egypt,Manufacture of electric lighting fixtures and components,LED Bulbs,Lighting Product,LED Bulbs - 10W,Lighting,Lamps,Light Bulbs,LED Bulbs
manufacture of domestic appliances,Olympic Group,Egypt,"Manufacture of domestic appliances including refrigerators, washing machines, and air conditioners.",Olympic Electric Water Heater,Product,Olympic Electric Water Heater 50L,Home Appliances,Water Heaters,Electric Water Heaters,Standard Electric Water Heaters
manufacture of other electrical equipment,Egyptian Electrical Equipment Co.,Egypt,Manufacture of electrical capacitors and resistors,Power Transformers,Product,Power Transformer Model PT-500,Electrical,Power Distribution,Transformers,Power Transformers
"manufacture of general,purpose machinery",Egyptian Engineering Company,Egypt,"Manufacture of industrial refrigerating equipment, air-conditioning machines, and non-domestic fans.",Cairo Electric Motors,Product,Cairo Electric Motor Model X,Electrical,Motors,Electric Motors,AC Motors
"manufacture of special,purpose machinery",Arabian Machinery & Heavy Equipment Co.,Egypt,"Manufacture of machinery for working soft rubber or plastics, manufacture of industrial robots for special purposes",Caterpillar Excavators,Heavy Machinery,CAT320D2L,Machinery & Tools,Construction Equipment,Excavators,Tracked Excavators
manufacture of motor vehicles,Ghabbour Auto,Egypt,"Manufacture of passenger cars, commercial vehicles, and motor vehicle engines",Hyundai Elantra,Vehicle,Hyundai Elantra 2023,Automotive,Passenger Vehicles,Sedans,Compact Sedans
"manufacture of bodies (coachwork) for motor vehicles; manufacture of trailers and semi,trailers",Ghabbour Auto,Egypt,"Manufacture of bodies for motor vehicles, trailers, and semi-trailers",Hyundai Elantra,Vehicle,Hyundai Elantra 2023,Automotive,Passenger Vehicles,Sedans,Compact Sedans
manufacture of parts and accessories for motor vehicles,Ghabbour Auto,Egypt,"Manufacture of parts and accessories for motor vehicles, including brakes and gearboxes.",Hyundai Elantra,Vehicle,Hyundai Elantra 2023,Automotive,Passenger Vehicles,Sedans,Compact Sedans
building of ships and boats,Alexandria Shipyard,Egypt,"Building of ships and boats, including yachts and motor boats",Shipbuilding Services,Service,Shipbuilding Services for Cargo Vessel,Services,Construction Services,Shipbuilding Services,Ship Construction
manufacture of railway locomotives and rolling stock,Egyptian National Railways,Egypt,"Manufacture of railway locomotives and rolling stock, maintenance of railway vehicles",Train Tickets,Service,Cairo to Alexandria Ticket,Travel,Passenger Transport,Rail Transport,Train Tickets
manufacture of air and spacecraft and related machinery,Egyptian Aircraft Company,Egypt,"Manufacture of airplanes for the transport of goods or passengers, manufacture of parts and accessories of aircraft",Cairo Jet,Aircraft,Cairo Jet Model A320,Transportation,Aircraft,Commercial Aircraft,Passenger Aircraft
manufacture of military fighting vehicles,Arab Organization for Industrialization (AOI),Egypt,"Manufacture of military fighting vehicles, armoured combat vehicles, and parts thereof.",Kader Factory for Developed Industries,Manufacturing,Kader Factory - Military Equipment,Defense,Military Equipment,Military Vehicles,Armored Vehicles
manufacture of transport equipment n.e.c,Egyptian Transport Equipment Co.,Egypt,"Manufacture of hand-propelled vehicles, manufacture of vehicles drawn by animals",Cairo Buses,Public Transport,Cairo Buses - 50 units,Transportation,Public Transport,Buses,City Buses
manufacture of furniture,El Helow Style,Egypt,Manufacture of metal and plastic furniture for offices and homes,Office Chair,Furniture,Office Chair Model X,Furniture,Office Furniture,Office Seating,Office Chairs
"manufacture of jewellery, bijouterie and related articles",Egyptian Jewellery Co.,Egypt,"Manufacture of costume jewellery, including rings, bracelets, and necklaces made from base metals plated with precious metals.",Pharaoh's Gold Necklace,Jewellery,Pharaoh's Gold Necklace - 18K,Fashion Accessories,Jewellery,Necklaces,Gold Necklaces
manufacture of sports goods,Egyptian Sports Goods Co.,Egypt,"Manufacture of sporting and athletic goods, including rackets and gymnasium equipment.",Cairo Sportswear,Apparel,Cairo Sportswear T-shirt,Sports & Outdoors,Clothing,Activewear,T-Shirts
manufacture of games and toys,Egyptian Toy Company,Egypt,"Manufacture of dolls, toy animals, and action figures",Pharaoh's Adventure Set,Toy,Pharaoh's Adventure Set - 1 unit,Toys & Games,Toys,Playsets,Building Sets
manufacture of medical and dental instruments and supplies,Misr Pharmacies,Egypt,"Manufacture of medical and dental instruments, surgical appliances, and supplies",Panadol,Pharmaceutical,Panadol 500mg Tablets,Healthcare,Medicines,Pain Relief,Analgesics
other manufacturing n.e.c,Egyptian Safety Equipment Co.,Egypt,"Manufacture of protective safety equipment, manufacture of fire-resistant and protective safety clothing",Fire Extinguishers,Product,Fire Extinguisher ABC 5kg,Safety & Security,Fire Protection,Fire Extinguishers,Portable Fire Extinguishers
"repair and maintenance of fabricated metal products, machinery and equipment",Egyptian Maintenance Company,Egypt,"Repair and maintenance of machinery and equipment, including industrial machinery and fabricated metal products.",Maintenance Services,Service,Monthly maintenance service fee,Business & Industrial,Business Services,Maintenance Services,General Maintenance Services
installation of industrial machinery and equipment,Arabian International Company for Steel Structures,Egypt,"Installation of industrial machinery and equipment, machine rigging, and activities of millwrights.",Steel Beams,Product,Steel Beam 20ft,Building and Construction,Structural Building Products,Structural Steel,Steel Beams
"electric power generation, transmission and distribution activities",Egyptian Electricity Holding Company,Egypt,"Electric power generation, transmission, and distribution",Electricity Supply,Service,Monthly electricity bill,Utilities,Electricity,Electricity Supply,Electricity Supply Service
manufacture of gas; distribution of gaseous fuels through mains,Egyptian Natural Gas Holding Company (EGAS),Egypt,"Distribution of natural gas through mains, gas storage services, and sale of gas to users.",Natural Gas Supply,Service,Supply of natural gas for industrial use,Utilities,Energy,Natural Gas,Natural Gas Supply
steam and air conditioning supply,Egyptian Electricity Holding Company,Egypt,"Production and distribution of steam and hot water for heating, power and other purposes",Electricity Supply,Service,Monthly electricity bill,Utilities,Electricity,Electricity Supply,Electricity Supply Service
activities of brokers and agents for electric power and natural gas,Egyptian Electricity Holding Company,Egypt,Brokering and arranging sale of electricity via power distribution systems,Electricity Supply,Service,Monthly electricity bill,Utilities,Electricity,Electricity Supply,Electricity Supply Service
"water collection, treatment and supply",Cairo Water Company,Egypt,"Water collection, treatment and supply, distribution of water through mains",Cairo Pure,Bottled Water,Cairo Pure 500ml,Beverages,Water,Bottled Water,Bottled Still Water
sewerage,Cairo Wastewater Treatment Company,Egypt,"Operation of wastewater treatment facilities, collection and transportation of wastewater from users, maintenance and cleaning of sewers and drains.",Sewage Treatment Service,Service,Monthly sewage treatment fee,Utilities,Water Utilities,Wastewater Services,Sewage Treatment Services
waste collection activities,Egyptian Hazardous Waste Management Co.,Egypt,"Collection and treatment of hazardous waste, including biohazardous and nuclear waste.",Hazardous Waste Collection,Service,Collection of industrial hazardous waste,Business Services,Waste Management,Hazardous Waste Services,Hazardous Waste Collection Services
waste treatment and disposal,Egyptian Hazardous Waste Management Company,Egypt,"Treatment and disposal of hazardous waste, including incineration and storage of radioactive waste.",Hazardous Waste Collection,Service,Collection of industrial hazardous waste,Environmental Services,Waste Management,Hazardous Waste Services,Hazardous Waste Collection Services
materials and other waste recovery,Egyptian Company for Solid Waste Recycling (ECARU),Egypt,"Processing of metal and non-metal waste into secondary raw materials, mechanical treatment of waste.",Recycled Plastic Pellets,Product,Recycled Plastic Pellets - 500kg,Raw Materials,Plastics,Recycled Plastics,Plastic Pellets
remediation and other waste management service activities,Egyptian Environmental Services Company,Egypt,"Decontamination of soils and groundwater, cleaning up oil spills, asbestos abatement",Waste Collection Service,Service,Monthly waste collection fee,Environmental Services,Waste Management,Waste Collection,Residential Waste Collection
"construction of residential and non,residential buildings",Orascom Construction,Egypt,"Construction of residential and non-residential buildings, including industrial, hospital, school, and office buildings.",Cement,Material,Cement bags,Building Materials,Cement & Concrete,Cement,Portland Cement
construction of roads and railways,Arab Contractors,Egypt,"Construction of roads, bridges, tunnels, and railways",Construction Services,Service,Building construction services,Business & Industrial,Construction & Building,Construction Services,General Contracting Services
construction of utility projects,Orascom Construction,Egypt,"Construction of utility projects, including power plants and water systems.",Cement,Material,Cement bags,Building Materials,Cement & Concrete,Cement,Portland Cement
construction of other civil engineering projects,Orascom Construction,Egypt,"Construction of industrial facilities, waterways, dams, and outdoor sports facilities.",Cement,Material,Cement bags,Building Materials,Cement & Concrete,Cement,Portland Cement
demolition and site preparation,Orascom Construction,Egypt,"Site preparation, earth moving, excavation, and trench digging.",Cement,Material,Cement bags,Building Materials,Cement & Concrete,Cement,Portland Cement
"electrical, plumbing and other construction installation activities",Orascom Construction,Egypt,"Installation of elevators, escalators, and automated doors in buildings and civil engineering structures.",Cement,Material,Cement bags,Building Materials,Cement & Concrete,Cement,Portland Cement
building completion and finishing,Orascom Construction,Egypt,"Building completion and finishing, including plastering, tiling, and painting.",Cement,Material,Cement bags,Building Materials,Cement & Concrete,Cement,Portland Cement
intermediation service activities for specialized construction services,BuildLink Egypt,Egypt,Intermediation for specialized construction services via digital platforms and face-to-face channels.,BuildLink Cement,Construction Material,BuildLink Cement 50kg,Building Materials,Cement & Concrete,Cement,Portland Cement
other specialized construction activities,Orascom Construction,Egypt,"Construction of foundations, erection of steel elements, masonry works, roofing activities, scaffolding, installation of street furniture.",Cement,Material,Cement bags,Building Materials,Cement & Concrete,Cement,Portland Cement
wholesale on a fee or contract basis,Egyptian Trading Company,Egypt,"Intermediation service activities, facilitating transactions between sellers and buyers for a fee or commission.",Egyptian Cotton Sheets,Product,Egyptian Cotton Sheets - Queen Size,Home & Garden,Bedding,Sheets,Cotton Sheets
wholesale of agricultural raw materials and live animals,Egyptian Grains and Seeds Co.,Egypt,wholesale of grains and seeds,Egyptian Wheat,Grain,100 kg Egyptian Wheat,Grains,Cereal Grains,Wheat,Wheat Grain
"wholesale of food, beverages and tobacco",Juhayna Food Industries,Egypt,"Wholesale of dairy products, beverages",Juhayna Pure Milk,Dairy Product,Juhayna Pure Milk 1L,Beverages,Dairy,Milk,Liquid Milk
wholesale of household goods,El Araby Group,Egypt,"wholesale of household appliances, consumer electronics",Tornado,Electronics,Tornado LED TV 32 inch,Consumer Electronics,Televisions,Flat Panel TVs,LED TVs
"wholesale of machinery, equipment and supplies",El Sewedy Electric,Egypt,"Wholesale of electrical material such as electrical motors, transformers, and installation equipment for industrial use.",Power Cables,Product,El Sewedy Electric Power Cable 500m,Electrical,Cables & Wires,Power Cables,High Voltage Cables
"wholesale of motor vehicles, motorcycles and related parts and accessories",Egyptian International Motors,Egypt,"Wholesale of new and used motorcycles, wholesale of parts and accessories for motorcycles",Renault Cars,Automobile,Renault Duster 2023,Vehicles & Parts,Passenger Vehicles,Cars,Sedans
other specialized wholesale,Egyptian Chemical Industries (KIMA),Egypt,"Wholesale of industrial chemicals, fertilizers, and agrochemical products",Ammonium Nitrate,Chemical,Ammonium Nitrate 50kg Bag,Chemicals,Industrial Chemicals,Fertilizers,Ammonium Nitrate
"non,specialized wholesale trade",El Sewedy Electric,Egypt,Wholesale of electrical equipment and supplies,Power Cables,Product,El Sewedy Electric Power Cable 500m,Electrical,Cables & Wires,Power Cables,High Voltage Cables
"non,specialized retail sale",Carrefour Egypt,Egypt,"Retail sale of a large variety of goods including apparel, electronics, and home appliances",Carrefour Fresh Milk,Dairy Product,Carrefour Fresh Milk 1L,Food/Beverage/Tobacco,Dairy Products,Milk,Fresh Milk
"retail sale of food, beverages and tobacco",Eastern Company S.A.E.,Egypt,Retail sale of tobacco and smoking products,Cleopatra Cigarettes,Tobacco Product,Cleopatra King Size,Tobacco,Cigarettes,Filtered Cigarettes,King Size Cigarettes
retail sale of automotive fuel,Misr Petroleum Company,Egypt,"Retail sale of fuels, operation of petrol stations, retail sale of lubricating products and cooling products for motor vehicles.",Misr Gasoline,Fuel,1000 liters of Misr Gasoline,Petroleum Products,Fuels,Gasoline,Regular Gasoline
retail sale of information and communication equipment,Raya Trade,Egypt,"Retail sale of smartphones, mobile phones and telephones and their accessories",Samsung Smartphones,Electronics,Samsung Galaxy S21,Electronics,Communications,Mobile Phones,Smartphones
retail sale of other household equipment,IKEA Egypt,Egypt,"Retail sale of household furniture, articles for lighting, and household utensils",Billy Bookcase,Furniture,"Billy Bookcase, White",Furniture,Home Furniture,Bookcases,Bookcases
retail sale of cultural and recreational goods,Cairo Art Supplies,Egypt,"Retail sale of art supplies, including beads, clay, canvasses, oil and water colours",Nile Paints,Acrylic Paint,Nile Paints - 250ml,Arts & Crafts,Paints,Acrylic Paints,Acrylic Paints for Artists
"retail sale of other goods, except motor vehicles and motorcycles",Antique Egypt,Egypt,Retail sale of antiques,Egyptian Papyrus,Product,Papyrus Scroll,Arts & Crafts,Craft Supplies,Paper & Boards,Papyrus
"retail sale of motor vehicles, motorcycles and related parts and accessories",Egyptian International Motors (EIM),Egypt,"Retail sale of new and used motorcycles, retail sale of new and used parts and accessories for motorcycles",Renault Cars,Automobile,Renault Duster 2023,Transportation,Passenger Vehicles,Cars,Sedans
intermediation service activities for retail sale,Jumia Egypt,Egypt,"Digital platform facilitating retail transactions for a variety of goods, including electronics, fashion, and home products.",Samsung Galaxy A12,Smartphone,Samsung Galaxy A12 - 64GB,Electronics,Communications,Mobile Phones,Smartphones
transport via railways,Egyptian National Railways,Egypt,Freight transport on mainline rail networks,Train Tickets,Service,Cairo to Alexandria Ticket,Travel,Passenger Transport,Rail Transport,Train Tickets
other land transport,Egyptian Transport and Commercial Services Co. (EGYTRANS),Egypt,"Freight transport operations by road, including heavy haulage and refrigerated haulage",Freight Forwarding,Service,Freight Forwarding Charges,Transportation Services,Freight Transportation,Freight Forwarding Services,Freight Forwarding
transport via pipeline,Egyptian Natural Gas Holding Company (EGAS),Egypt,"Pipeline transportation of natural gas, operation of pump stations for natural gas pipelines",Natural Gas Supply,Service,Supply of natural gas for industrial use,Utilities,Energy,Natural Gas,Natural Gas Supply
sea and coastal water transport,Egyptian Navigation Company,Egypt,Transport of freight over seas and coastal waters,Cargo Shipping,Service,Shipping of goods from Alexandria to Jeddah,Transportation Services,Freight Transport,Sea Freight,Cargo Shipping Services
inland water transport,Nile Cargo,Egypt,Transport of freight via Nile River and other inland waterways,Nile Cargo Shipping Service,Service,Shipping Service Fee,Transportation Services,Freight Services,Cargo Transportation,Freight Shipping
passenger air transport,EgyptAir,Egypt,"Scheduled air transportation of passengers over regular routes, charter flights for passengers, rental of air transport equipment with operator for passenger transportation",EgyptAir Economy Class Ticket,Service,Flight ticket from Cairo to London,Travel & Transportation,Air Travel,Commercial Flights,Economy Class
freight air transport,EgyptAir Cargo,Egypt,"Transport freight by air over regular routes and on regular schedules, non-scheduled transport of freight by air",Air Freight Service,Service,Air Freight Service - Cairo to London,Transportation Services,Air Transport,Air Cargo Services,Air Freight Services
warehousing and storage,Egyptian Warehousing Company,Egypt,Operation of storage and warehouse facilities for general merchandise and refrigerated goods.,Cairo Cement,Construction Material,Cairo Cement 50kg Bag,Building and Construction,Cement and Concrete,Cement,Portland Cement
support activities for transportation,Egyptian International Shipping Company,Egypt,"Arranging transport operations by sea, logistics consulting, goods handling operations",Suez Canal Transit,Service,Suez Canal Transit Fee,Transportation Services,Water Transport,Water Freight Transport,Canal Transit Services
intermediation service activities for transportation,Careem,Egypt,"Operation of online ridesharing platforms, intermediation of passenger transportation services.",Careem Ride,Service,Ride from Downtown to Airport,Transportation Services,Passenger Transport,Taxi Services,Ride Hailing Services
postal activities,Egypt Post,Egypt,"Universal postal service provider, mail and parcel delivery, sorting and processing facilities",Postal Delivery Service,Service,Standard Mail Delivery,Logistics,Postal Services,Mail Delivery,Standard Mail
courier activities,Aramex Egypt,Egypt,"Courier activities including pickup, sorting, transport, and delivery of parcels and packages.",Express Parcel Delivery,Service,EXPRESS DELIVERY - CAIRO TO ALEXANDRIA,Transportation Services,Courier Services,Parcel Delivery,Express Delivery
intermediation service activities for postal and courier activities,Aramex Egypt,Egypt,"Intermediation of postal and courier activities, digital platform operations for booking services",Express Parcel Delivery,Service,EXPRESS DELIVERY - CAIRO TO ALEXANDRIA,Transportation Services,Courier Services,Parcel Delivery,Express Delivery
hotels and similar accommodation activities,Orascom Development Holding,Egypt,"Hotels and similar accommodation activities, resort hotels, conference facilities",El Gouna,Destination,El Gouna Resort Stay,Travel & Tourism,Accommodation,Resorts,Luxury Resorts
other short term accommodation activities,Egyptian Holiday Homes,Egypt,Provision of holiday homes and apartments for short-term stays,Luxor Villa Rental,Service,Luxor Villa Rental - 3 nights,Travel & Transportation,Lodging & Accommodation,Vacation Rentals,Holiday Homes
intermediation service activities for accommodation,Travelstart Egypt,Egypt,"Intermediation service activities for accommodation, digital platform for booking accommodations and travel services.",Flight Booking,Service,Cairo to Dubai Flight Booking,Travel Services,Air Travel,Flight Booking,Commercial Flights
other accommodation n.e.c,Egyptian Student Housing Co.,Egypt,Provision of temporary accommodation for students in dormitories and shared rooms.,Student Dormitory Rental,Service,Monthly dormitory rental fee,Accommodation,Residential,Student Housing,Dormitory Services
restaurants and mobile food service activities,Abou El Sid,Egypt,"Restaurants, traditional Egyptian cuisine",Koshari,Food,Koshari - Large,Food/Beverage/Tobacco,Prepared/Preserved Foods,Prepared Meals,Koshari
event catering and other food service activities,Egyptian Catering Company,Egypt,"Industrial catering, food service for transportation companies, operation of canteens for factories and schools.",Egyptian Catering Meal Service,Service,Catering Service for Corporate Event,Food/Beverage/Tobacco,Foodservice,Catering,Catering Services
beverage serving activities,Cairo Jazz Club,Egypt,Live music venue and bar serving beverages for immediate consumption.,Cairo Jazz Club Entry Fee,Service,Entry fee for live music event,Services,Entertainment,Live Entertainment,Concerts
intermediation service activities for food and beverage services activities,Elmenus,Egypt,"Intermediation of food and beverage services through a digital platform, including restaurant reservation services.",Elmenus Premium Subscription,Service,Elmenus Premium Subscription - Monthly,Services,Subscription Services,Online Services,Digital Content Subscription
"publishing of books, newspapers, periodicals and other publishing activities",Al Ahram Establishment,Egypt,"Publishing of newspapers, periodicals, and other publishing activities",Al Ahram Newspaper,Media,Al Ahram Newspaper Subscription,Media & Entertainment,Publishing,Newspapers,Daily Newspapers
software publishing,ITWorx,Egypt,"Publishing of business and other applications, cybersecurity software",ITWorx Education Platform,Software,ITWorx Education Platform License,Software,Educational Software,Learning Management Systems,Educational/Training Software
"motion picture, video and television programme activities",Al Arabia Cinema Production & Distribution,Egypt,Motion picture production and distribution,Film Production,Service,Film production services for 'Movie Title',Media,Film,Production,Film Production Services
sound recording and music publishing activities,Mazzika Group,Egypt,"Music publishing, sound recording, and distribution of sound recordings via streaming and downloads.",Mazzika Music Streaming,Service,Mazzika Music Streaming Subscription,Media,Digital Media,Streaming Services,Music Streaming
radio broadcasting and audio distribution activities,Nile Radio Productions,Egypt,"Radio broadcasting, internet radio stations, live podcast broadcasting",Nogoum FM,Radio Station,Advertising Slot on Nogoum FM,Media,Broadcasting,Radio,Radio Stations
"television programming, broadcasting and video distribution activities",Nile TV International,Egypt,"Television programming and broadcasting activities, including news and cultural programming.",Nile TV International Subscription,Service,Monthly subscription fee for Nile TV International,Media,Television,Broadcasting Services,Television Subscription Services
news agency and other content distribution activities,Masrawy,Egypt,Online news and content distribution,Masrawy News Subscription,Service,Monthly subscription fee for Masrawy News,Media,News,Online News,Digital News Subscription
"wired, wireless, and satellite telecommunication activities",Telecom Egypt,Egypt,"Operating and maintaining telecommunications infrastructure for wired, wireless, and satellite communications.",TE Data Internet Service,Service,Monthly Internet Subscription,Telecommunications,Internet Services,Broadband,Internet Service Providers
telecommunication reselling activities and intermediation service activities for telecommunication,Vodafone Egypt,Egypt,"Reselling of wireless telecommunications, agent activities for telecommunications carriers, selling mobile phone service plans on an agent basis.",Vodafone Red,Mobile Plan,Vodafone Red Monthly Subscription,Telecommunications,Mobile Services,Mobile Plans,Postpaid Mobile Plans
other telecommunication activities,Telecom Egypt,Egypt,"Provision of specialized telecommunications applications, operation of satellite terminal stations, and advanced data services.",TE Data Internet Service,Service,Monthly Internet Subscription,Telecommunications,Internet Services,Broadband,Internet Service Providers
computer programming activities,ITWorx,Egypt,"Custom software development, business applications, and web solutions",ITWorx Education Platform,Software,ITWorx Education Platform License,Software,Educational Software,Learning Management Systems,Educational/Training Software
computer consultancy and computer facilities management activities,ITWorx,Egypt,"Computer systems integration, software development, IT consultancy",ITWorx Education Platform,Software,ITWorx Education Platform License,Software,Educational Software,Learning Management Systems,Educational/Training Software
other information technology and computer service activities,ITWorx,Egypt,"Software installation services, computer disaster recovery services",ITWorx Education Platform,Software,ITWorx Education Platform License,Software,Educational Software,Learning Management Systems,Educational/Training Software
"computing infrastructure, data processing, hosting and related activities",Telecom Egypt,Egypt,"Provision of computing infrastructure, cloud infrastructure and platform provision, data processing services, data centre colocation activities",TE Data Internet Service,Service,Monthly Internet Subscription,Telecommunications,Internet Services,Broadband,Internet Service Providers
web search portals activities and other information service activities,Link Development,Egypt,"Information search services, web search portals",Link CRM,Software,Link CRM License,Information Technology,Software,Business Software,Customer Relationship Management Software
monetary intermediation,National Bank of Egypt,Egypt,"Monetary intermediation, receiving deposits, extending credit, loans, mortgages, consumer credit cards",NBE Visa Debit Card,Financial Service,NBE Visa Debit Card Annual Fee,Financial Services,Banking,Debit Cards,Visa Debit Cards
activities of holding companies and financing conduits,Egyptian Holding Company for Finance,Egypt,"Activities of financing conduits, intragroup lending",Cairo Financial Services,Service,Financial advisory service fee,Business Services,Financial Services,Financial Advisory,Financial Consulting Services
"activities of trusts, funds and similar financial entities",Egyptian Trust Fund Management,Egypt,"Activities of trusts, funds and similar financial entities",Egyptian Mutual Fund A,Financial Product,Investment in Egyptian Mutual Fund A,Financial Services,Investment Services,Mutual Funds,Equity Funds
"other financial service activities, except insurance and pension funding activities",EFG Hermes,Egypt,"Investment banking, asset management, securities brokerage, and private equity",EFG Hermes Brokerage,Service,Brokerage fees for stock trading,Financial Services,Investment Services,Brokerage Services,Stock Brokerage
insurance,Misr Insurance Company,Egypt,"property insurance, motor vehicles insurance, fire and natural forces damage to property insurance",Car Insurance,Service,Car Insurance Premium,Financial Services,Insurance,Vehicle Insurance,Car Insurance
pension funding,Misr Insurance Holding Company,Egypt,"Provision of pension funds and plans, retirement income benefits for employees",Comprehensive Car Insurance,Insurance Service,Comprehensive Car Insurance Premium,Financial & Insurance Services,Insurance Services,Vehicle Insurance,Comprehensive Car Insurance
"activities auxiliary to financial services, except insurance and pension funding",Fawry,Egypt,"Electronic funds transfer services, digital payment provision",FawryPay,Payment Service,FawryPay transaction fee,Financial Services,Payment Services,Electronic Payment Services,Payment Processing Services
activities auxiliary to insurance and pension funding,Misr Insurance Holding Company,Egypt,Insurance and pension advisory activities,Comprehensive Car Insurance,Insurance Service,Comprehensive Car Insurance Premium,Financial & Insurance Services,Insurance Services,Vehicle Insurance,Comprehensive Car Insurance
fund management activities,EFG Hermes,Egypt,"Asset management, investment banking, private equity, and fund management activities.",EFG Hermes Brokerage,Service,Brokerage fees for stock trading,Financial Services,Investment Services,Brokerage Services,Stock Brokerage
real estate activities with own or leased property,Palm Hills Developments,Egypt,"Development of building projects for own operation, renting of space in residential and non-residential buildings",Palm Hills Katameya,Real Estate Development,Purchase of unit in Palm Hills Katameya,Real Estate,Residential,Housing,Apartments
real estate activities on a fee or contract basis,Palm Hills Developments,Egypt,"Property management, real estate development, advisory services",Palm Hills Katameya,Real Estate Development,Purchase of unit in Palm Hills Katameya,Real Estate,Residential,Housing,Apartments
legal activities,Shalakany Law Office,Egypt,"Legal representation, advice and representation in civil and criminal cases, preparation of legal documents.",Legal Consultation,Service,Consultation Fee,Business Services,Legal Services,Consultation Services,Legal Consultation Services
"accounting, bookkeeping and auditing activities; tax consultancy",KPMG Hazem Hassan,Egypt,"Auditing, Tax Consultancy, Accounting Advisory",Audit Services,Service,Audit of financial statements,Business Services,Financial Services,Audit Services,Financial Audit Services
activities of head offices,Orascom Construction,Egypt,Overseeing and managing construction projects and related units.,Cement,Material,Cement bags,Building Materials,Cement & Concrete,Cement,Portland Cement
business and other management consultancy activities,KPMG Egypt,Egypt,"Management consultancy, strategic planning, financial advisory",Audit Services,Service,Audit Services for Q1 2023,Business Services,Professional Services,Audit Services,Financial Audit Services
"architectural and engineering, and related technical consultancy activities",Dar Al-Handasah,Egypt,"Architectural and engineering consultancy, project management, civil engineering",Architectural Design Services,Service,Architectural Design Services for Cairo Metro,Professional Services,Architectural Services,Design Services,Architectural Design
technical testing and analysis,EGYLABS,Egypt,"Technical testing and analysis of materials and products, including food hygiene and environmental indicators.",EGYLABS Solar Panels,Product,EGYLABS Solar Panel Model X,Electronics,Energy,Solar Energy,Solar Panels
research and experimental development on natural sciences and engineering,Egyptian Center for Research and Development,Egypt,"Research and development on natural sciences and engineering, biotechnology, and medical sciences.",Agricultural Research Services,Service,Agricultural research consultation,Business & Industrial,Professional Services,Research Services,Research & Development Services
research and experimental development on social sciences and humanities,Egyptian Center for Economic Studies,Egypt,Research and development on economics and business administration,Egyptian Cotton Sheets,Product,Egyptian Cotton Sheets - King Size,Textiles,Home Textiles,Bedding,Sheets
advertising activities,Promo Media,Egypt,"Advertising campaigns, media representation, outdoor advertising",Promo Billboard Ads,Service,Billboard Ad Campaign - Cairo,Advertising & Marketing Services,Outdoor Advertising,Billboards,Billboard Advertising Services
market research and public opinion polling activities,Nielsen Egypt,Egypt,"Market research studies, opinion research, media usage analysis",Nielsen Audience Measurement,Service,Audience Measurement Service Fee,Business Services,Market Research,Audience Measurement,Audience Measurement Services
public relations activities,PR Egypt,Egypt,"Public relations and communication services, including lobbying activities",Cleopatra Cigarettes,Tobacco Product,Cleopatra Cigarettes - 20 Pack,Tobacco,Cigarettes,Filtered Cigarettes,Cigarettes
specialized design activities,Designy Egypt,Egypt,"Fashion design, interior decoration, graphic design",Designy Furniture,Product,Designy Furniture - Sofa Set,Furniture,Living Room Furniture,Sofas,Sofa Sets
photographic activities,Egyptian Photographic Services,Egypt,"Commercial and consumer photograph production, portrait photography, photography for commercials, publishers, fashion, real estate, or tourism purposes.",Camera Rentals,Service,Rental of Canon DSLR for 3 days,Rental Services,Equipment Rental,Camera Rental,Digital Camera Rental
translation and interpretation activities,Translation Hub Egypt,Egypt,"Translation and interpretation services for various languages, including sign language.",Translation Services,Service,Translation of legal documents,Business Services,Translation Services,Document Translation,Legal Document Translation
"other professional, scientific and technical activities n.e.c",Egyptian Environmental Affairs Agency,Egypt,"Environmental consulting activities, energy saving advice activities",Environmental Impact Assessment,Service,EIA Report Preparation,Professional Services,Consulting Services,Environmental Consulting,Environmental Impact Assessment Services
veterinary activities,VetCare Egypt,Egypt,"Animal health care and control activities for pet animals, veterinary hospitals, clinico-pathological diagnostics",VetCare Premium Dog Food,Product,VetCare Premium Dog Food - 10kg,Pet Care,Pet Food,Dog Food,Dry Dog Food
rental and leasing of motor vehicles,Egypt Car Rental,Egypt,Rental and leasing of passenger cars without drivers,Toyota Corolla Rental,Car Rental,Rental of Toyota Corolla for 3 days,Transportation,Vehicle Rental,Car Rental,Sedan Rental
rental and leasing of personal and household goods,Egyptian Textile Rentals,Egypt,"Rental of textiles, wearing apparel, and footwear including costumes and wedding dresses.",Luxor Linen,Product,Luxor Linen Set,Textiles & Fabrics,Linen,Linen Products,Linen Sets
"rental and leasing of other machinery, equipment and tangible goods",Egyptian Leasing Company,Egypt,Rental and leasing of industrial machinery and equipment without operator,Toyota Corolla,Vehicle,Lease payment for Toyota Corolla,Transportation,Passenger Vehicles,Cars,Sedans
"leasing of intellectual property and similar products, except copyrighted works",Egyptian Intellectual Property Licensing Co.,Egypt,"Leasing of intellectual property products, receiving royalties for trademarks and service marks.",Egyptian Cotton Textiles,Product,Cotton Bed Sheets,Textiles,Home Textiles,Bedding,Bed Sheets
"intermediation service activities for rental and leasing of tangible goods and non,financial intangible assets",RentX Egypt,Egypt,Intermediation service activities for rental and leasing of tangible goods through digital platforms.,Car Rental,Service,Toyota Corolla Rental,Transportation Services,Vehicle Rental,Car Rental,Passenger Car Rental
activities of employment placement agencies,Wuzzuf,Egypt,"Online employment placement agency, job listing, and applicant referral services",Wuzzuf Premium Job Posting,Service,Premium Job Posting - 1 Month,Business Services,Human Resources,Recruitment Services,Job Posting Services
temporary employment agency activities and other human resource provisions,Egyptian Manpower Solutions,Egypt,"Temporary employment agency activities, human resource provisions",Temporary Staffing Services,Service,Invoice #12345 for Temporary Staffing Services,Business Services,Human Resources,Staffing Services,Temporary Staffing
travel agency and tour operator activities,Travco Group,Egypt,"Arranging and marketing of packaged tours, including transportation, accommodation, and visits to cultural sites.",Jaz Hotels,Hospitality,Jaz Hotel Stay - 3 Nights,Travel & Tourism,Accommodation,Hotels,Hotel Rooms
other travel related activities,Egypt Travel Services,Egypt,"Provision of travel information to visitors, activities of independent tourist guides, tourism promotion activities",Cairo City Tour,Service,Cairo City Tour - Full Day,Travel & Tourism,Tourism Services,City Tours,Guided Tours
investigation and security activities,Falcon Group,Egypt,"Security system services, remote monitoring, video surveillance systems, security consultancy",Falcon Security Services,Service,Security Services for Event,Business Services,Security Services,Security Guards,Event Security Services
combined facilities support activities,Egypt Facility Management Group,Egypt,"Provision of combined facilities support services including cleaning, maintenance, and security services.",Cleaning Services,Service,Monthly cleaning service for office premises,Business & Industrial,Facility Management,Cleaning Services,Commercial Cleaning Services
cleaning activities,Cleanco Egypt,Egypt,"Exterior cleaning of buildings, window cleaning, disinfecting and exterminating activities",Cleanco Detergent,Product,Cleanco Detergent 1L,Cleaning Products,Household Cleaners,All-Purpose Cleaners,Liquid Cleaners
landscape service activities,Green Oasis Landscaping,Egypt,"Planting, care and maintenance of parks and gardens for public and private housing, municipal grounds, and industrial buildings.",Garden Design Service,Service,Garden Design Consultation,Professional Services,Design Services,Landscape Design,Garden Design
office administrative and support activities,Egypt Office Solutions,Egypt,"Provision of day-to-day office administrative services, document preparation, and secretarial support services.",Canon Printers,Office Equipment,Canon PIXMA MG3620,Electronics,Printers & Scanners,Printers,Inkjet Printers
activities of call centres,Xceed Contact Center,Egypt,"Inbound and outbound call center services, customer support, telemarketing, and technical support.",Xceed Call Management,Service,Call Management Service Fee,Business Services,Customer Support Services,Call Center Services,Call Management Services
organization of conventions and trade shows,Egypt Expo & Convention Authority,Egypt,Organisation and management of trade shows and exhibitions,Exhibition Space Rental,Service,Rental of 100 sqm exhibition space,Business Services,Event Management,Exhibition Services,Exhibition Space Rental
"intermediation service activities for business support activities n.e.c., except financial intermediation",Eventia Egypt,Egypt,"Ticket reservation and sales activities for theatrical, sports, and other amusement and entertainment events",Eventia Conference Package,Service,Conference Package - 3 Days,Business Services,Event Management,Conference Services,Conference Planning
business support service activities n.e.c,Egyptian Auctioneers Co.,Egypt,activities of independent auctioneers,Antique Furniture,Product,Antique Victorian Chair,Furniture,Home Furnishings,Antiques,Antique Furniture
"administration of the state and the economic, social and environmental policies of the community",Egyptian Ministry of Planning and Economic Development,Egypt,"Public administration and regulation of economic policies, regional development policy measures",Economic Development Reports,Service,Economic Development Report - Q1 2023,Business Services,Consulting Services,Economic Consulting,Economic Analysis Services
provision of services to the community as a whole,Egyptian Ministry of Interior,Egypt,"Administration and operation of regular and auxiliary police forces, traffic regulation, alien registration, maintenance of arrest records.",National ID Card,Government Document,National ID Card issuance fee,Government Services,Identification Services,Personal Identification,ID Cards
compulsory social security activities,National Organization for Social Insurance,Egypt,Administration of social security programs including retirement pensions and unemployment insurance.,Social Security Contributions,Service,Monthly Social Security Contribution,Financial & Insurance Services,Insurance Services,Social Insurance,Social Security Services
"pre,primary education",Little Scholars Nursery,Egypt,Pre-primary education,Nursery Enrollment Fee,Service,Enrollment Fee for 2023,Education,Early Childhood Education,Nursery Services,Preschool Services
primary education,Cairo International School,Egypt,"Primary education including academic courses in reading, writing, mathematics, and elementary understanding of history, geography, natural science, social science, art, and music.",School Uniforms,Product,Uniform Set - Cairo International School,Apparel,Uniforms,School Uniforms,School Uniform Sets
"secondary and post,secondary non,tertiary education",Cairo Academy for Advanced Studies,Egypt,Provision of post-secondary non-tertiary vocational education and training programs.,Advanced Business Management Course,Educational Service,Invoice #12345 - Advanced Business Management Course,Education & Training,Professional Training,Business & Management,Business Management Courses
tertiary education,Cairo University,Egypt,"Tertiary education, including undergraduate and postgraduate programs",Cairo University Textbooks,Educational Material,CU-TXT-001,Media,Printed Media,Books,Textbooks
other education,Egyptian Language School,Egypt,"language instruction, academic tutoring",Tuition Fee,Service,Tuition Fee for Grade 10,Education,Schooling,Primary and Secondary Education,School Tuition
educational support activities,EduConsult Egypt,Egypt,"Educational consulting, vocational and career related counselling activities",EduConsult Training Program,Service,Invoice #12345 - EduConsult Training Program,Education & Training,Training Services,Professional Training,Corporate Training Services
hospital activities,Cleopatra Hospitals Group,Egypt,"Provision of medical, diagnostic and treatment services in general and specialized hospitals.",General Consultation,Service,Consultation Fee,Healthcare Services,Medical Services,General Medical Services,Consultation Services
medical and dental practice activities,Cleopatra Hospitals Group,Egypt,"General and specialized medical consultation and treatment, hospital outpatient clinics",General Consultation,Service,Consultation Fee,Healthcare Services,Medical Services,General Medical Services,Consultation Services
other human health activities,Egyptian Ambulance Organization,Egypt,"Ambulance transport of patients, equipped with lifesaving equipment",Ambulance Vehicle,Product,Ambulance Vehicle Model X,Healthcare,Medical Equipment,Emergency Vehicles,Ambulances
residential nursing care activities,Egyptian Nursing Care Services,Egypt,"Provision of residential nursing care, including medical assistance and rehabilitation treatments.",Home Nursing Service,Service,Home Nursing Service - 5 hours,Healthcare Services,Home Healthcare,Nursing Services,Home Nursing Services
residential care activities for persons living with or having a diagnosis of a mental illness or substance abuse,Al Amal Psychiatric Hospital,Egypt,Residential care for mental illness and substance abuse,Psychiatric Consultation,Service,Consultation Fee,Healthcare Services,Medical Services,Mental Health Services,Psychiatric Services
residential care activities for older persons or persons with physical disabilities,El Wafa Elderly Care Center,Egypt,"Provision of residential and personal care services for older persons, including room, board, and assistance in daily living.",Elderly Care Service,Service,Monthly Elderly Care Service,Healthcare Services,Elderly Care,Residential Care Services,Elderly Care Facilities
other residential care activities,Egyptian Orphanage Association,Egypt,Provision of residential care and assistance services for orphans and children without parental care.,Cairo Textiles,Product,Cairo Textiles - 100 meters,Textiles,Fabrics,Cotton Fabrics,Cotton Woven Fabrics
social work activities without accommodation for older persons or persons with disabilities,Egyptian Elderly Care Services,Egypt,"Home assistance services for older persons, day-care activities for adults with disabilities",Home Nursing Services,Service,Home Nursing Services - 10 hours,Healthcare Services,Home Healthcare,Nursing Services,Home Nursing Services
other social work activities without accommodation,Egyptian Red Crescent,Egypt,"Disaster relief, community and neighbourhood activities, welfare and guidance activities for children and adolescents",First Aid Kits,Product,First Aid Kit - Basic,Healthcare,Medical Supplies,First Aid,First Aid Kits
arts creation activities,Cairo Contemporary Dance Center,Egypt,"Choreography activities, dance performances",Dance Classes,Service,Contemporary Dance Class,Educational Services,Arts Education,Dance Instruction,Dance Classes
activities of performing arts,Cairo Opera House,Egypt,"Live stage productions, orchestras, and performing arts activities",Opera Tickets,Service,Cairo Opera House - Ticket Purchase,Entertainment,Event Tickets,Theater Tickets,Opera Tickets
support activities to arts creation and performing arts,Cairo Opera House,Egypt,"Production and support activities for opera, concerts, and stage productions.",Opera Tickets,Service,Cairo Opera House - Ticket Purchase,Entertainment,Event Tickets,Theater Tickets,Opera Tickets
library and archive activities,National Archives of Egypt,Egypt,"Public archive services, collection and classification of archives, cultural activities related to archives",Archival Document Reproduction,Service,Reproduction of historical documents,Services,Professional Services,Document Management Services,Document Reproduction Services
"museum, collection, historical site and monument activities",The Egyptian Museum,Egypt,Operation and preservation of historical sites and buildings,Pharaoh Statues,Souvenir,Pharaoh Statue - Small,Arts & Entertainment,Collectibles,Figurines,Statues & Sculptures
"conservation, restoration and other support activities for cultural heritage",Egyptian Heritage Restoration Co.,Egypt,"Preventive conservation, curative conservation, and restoration of archaeological assets and art objects.",Pharaonic Stone Restoration,Service,Restoration of ancient stone structures,Building and Construction,Construction Services,Restoration Services,Stone Restoration
botanical and zoological garden and nature reserve activities,Egyptian Environmental Affairs Agency,Egypt,"Operation of nature reserves, wildlife preservation, conservation and maintenance services of national parks",Environmental Impact Assessment,Service,EIA Report Preparation,Professional Services,Consulting Services,Environmental Consulting,Environmental Impact Assessment Services
gambling and betting activities,Egyptian Lottery Company,Egypt,Sale of lottery tickets,Egyptian Lottery Ticket,Product,Lottery Ticket Purchase,Recreational Goods,Games,Lottery,Lottery Tickets
sports activities,Egyptian Sports Federation,Egypt,Activities of sports leagues and sport governing bodies,Football Equipment,Product,Football,Sporting Goods,Team Sports,Football,Football Equipment
amusement and recreation activities,Cairo Amusement Company,Egypt,Operation of mechanical rides and games at fairgrounds,Cairo Ferris Wheel,Amusement Ride,Ferris Wheel Rental,Recreational Goods,Amusement Equipment,Rides,Ferris Wheels
"activities of business, employers and professional membership organizations",Egyptian Medical Association,Egypt,"Medical associations, dissemination of medical information, representation before government agencies",Stethoscope,Medical Equipment,Stethoscope Model X,Healthcare,Medical Equipment,Diagnostic Instruments,Stethoscopes
activities of trade unions,Egyptian General Trade Union Federation,Egypt,Promoting the interests of organized labour and union employees,Cairo Cotton,Textile,Cairo Cotton - 1000 meters,Apparel & Accessories,Clothing,Fabrics,Cotton Fabrics
activities of other membership organizations,Egyptian Environmental Affairs Agency,Egypt,Environmental and ecological movements,Environmental Impact Assessment,Service,EIA Report Preparation,Professional Services,Consulting Services,Environmental Consulting,Environmental Impact Assessment Services
repair and maintenance of computers and communication equipment,Raya Contact Center,Egypt,"Repair and maintenance of computers and communication equipment, including customer support services.",Raya Call Center Services,Service,Call Center Support,Business Services,Customer Support,Call Centers,Inbound Call Centers
repair and maintenance of personal and household goods,Cairo Repair Hub,Egypt,"Repair and maintenance of bicycles, e-bikes, and personal goods",Cairo Repair Hub Service Package,Service,Service Package - Basic Repair,Business & Industrial,Business Services,Repair Services,General Repair Services
repair and maintenance of motor vehicles and motorcycles,Egyptian Motor Service Co.,Egypt,"Repair and maintenance of motorcycles, bodywork repair, washing and polishing",Cairo Auto Parts,Product,Auto parts for Toyota,Vehicle Parts & Accessories,Vehicle Parts,Engine Parts,Engine Components
"intermediation service activities for repair and maintenance of computers, personal and household goods, and motor vehicles and motorcycles",FixIt Egypt,Egypt,Intermediation service activities for repair and maintenance of computers and household goods,FixIt Plumbing Services,Service,Plumbing repair service,Services,Repair Services,Plumbing Services,Plumbing Repair
washing and cleaning of textile and fur products,El Nasr Clothing & Textiles Co. (KABO),Egypt,"Laundering and dry cleaning of textiles and clothing, including linen and work uniforms.",KABO Men's T-Shirts,Apparel,KABO Men's T-Shirt - Size M,Clothing,Men's Clothing,Tops,T-Shirts
"hairdressing, beauty treatment, day spa and similar activities",Nefertari Beauty Spa,Egypt,"Day spa, beauty treatments, sauna and steam baths",Nefertari Essential Oils,Product,Nefertari Essential Oils - Lavender 50ml,Health & Beauty,Personal Care,Aromatherapy,Essential Oils
funeral and related activities,Al-Ahram Funeral Services,Egypt,"Providing burial and cremation services, embalming, and morticians' services",Coffin,Product,Coffin - Mahogany,Funeral Services,Caskets & Urns,Coffins,Wooden Coffins
intermediation service activities for personal services,Laundry Hub,Egypt,Intermediation of laundry and dry-cleaning services through digital platforms,Laundry Detergent,Product,Laundry Detergent 1L,Cleaning Products,Laundry Care,Laundry Detergents,Liquid Laundry Detergents
other personal service activities n.e.c,Cairo Pet Care,Egypt,"Pet care services including boarding, grooming, and training of pets.",Cairo Pet Food,Product,Cairo Pet Food - 5kg bag,Pet Care,Pet Food,Dry Pet Food,Dog Food
activities of households as employers of domestic personnel,Household Helpers Egypt,Egypt,Employment of domestic personnel such as cleaners and babysitters,Cleaning Supplies,Product,Cleaning Supplies - 10 units,Cleaning,Household Cleaning,Cleaning Products,Cleaning Supplies
"undifferentiated service,producing activities of private households for own use",Household Services Co.,Egypt,Undifferentiated service-producing activities for household subsistence,CleanPro Detergent,Cleaning Product,CleanPro Detergent 1L,Cleaning,Household Cleaning,Cleaning Agents,Laundry Detergent
activities of extraterritorial organizations and bodies,United Nations Development Programme Egypt,Egypt,Activities of international organisations under international treaties,Solar Energy Systems,Service,Installation of solar panels,Utilities,Energy,Renewable Energy,Solar Energy Systems
